Month,Revenue,Expenses,Net Profit,Profit Margin %,Best-Selling Product/Service,Top Client,Total New Clients,Total Active Clients,Biggest Challenge,What Worked Well,Next Month Goal 1,Next Month Goal 2,Next Month Goal 3,Notes
January 2024,$4200.00,$3100.00,$1100.00,26.19%,Monthly Retainer,Green Valley Cafe,2,6,Slow inquiry pipeline after holidays,Email campaign to past clients reactivated 2 leads,Land 1 new retainer client,Raise rates for new clients by 10%,Set up referral program,Strong start despite slow season
February 2024,$5800.00,$3400.00,$2400.00,41.38%,Brand Identity Package,Rachel Nguyen,3,8,Scope creep on brand project,Valentine discount promo drove 5 new leads,Finalize brand project and request testimonial,Create 3 case studies from recent work,Batch 4 weeks of social content in advance,Valentine promo outperformed expectations
March 2024,$7200.00,$4100.00,$3100.00,43.06%,Website Build,Bloom & Co Boutique,2,9,Managing 3 large projects simultaneously,Referral from Rachel brought 2 new clients,Complete Bloom & Co website phase 2,Hire part-time virtual assistant,Upsell SEO add-on to 2 existing clients,Best month of Q1 - systems starting to work
April 2024,$6500.00,$3800.00,$2700.00,41.54%,SEO Package,Kevin Blackwell,1,9,Delayed payment from one client affected cashflow,Introduced milestone invoicing to protect cashflow,Chase outstanding invoice from March,Send proposals to 3 warm leads,Launch new service package for Q2,Payment delay impacted projections - resolved in May
May 2024,$8900.00,$5200.00,$3700.00,41.57%,eCommerce Store Setup,Luna Handmade Goods,3,11,Kept up with demand while maintaining quality,Luna store launch created buzz and 2 referrals,Streamline onboarding process,Create project management templates,Reach $9k revenue in June,Received delayed April payment - adjusted figures
June 2024,$9400.00,$5800.00,$3600.00,38.30%,Monthly Retainer Bundle,Marcus Reid,2,12,Higher expenses from assistant hire and tools,Assistant hire freed up 8 hours per week,Maintain $9k+ revenue in July,Document all processes for delegation,Pitch 2 clients for retainer upgrades,Profit margin dipped due to new overhead - expected
July 2024,$0.00,$0.00,$0.00,0%,Fill in at end of month,Fill in at end of month,0,0,Fill in at end of month,Fill in at end of month,Fill in at end of month,Fill in at end of month,Fill in at end of month,Fill in at end of month
August 2024,$0.00,$0.00,$0.00,0%,Fill in at end of month,Fill in at end of month,0,0,Fill in at end of month,Fill in at end of month,Fill in at end of month,Fill in at end of month,Fill in at end of month,Fill in at end of month
September 2024,$0.00,$0.00,$0.00,0%,Fill in at end of month,Fill in at end of month,0,0,Fill in at end of month,Fill in at end of month,Fill in at end of month,Fill in at end of month,Fill in at end of month,Fill in at end of month
October 2024,$0.00,$0.00,$0.00,0%,Fill in at end of month,Fill in at end of month,0,0,Fill in at end of month,Fill in at end of month,Fill in at end of month,Fill in at end of month,Fill in at end of month,Fill in at end of month
November 2024,$0.00,$0.00,$0.00,0%,Fill in at end of month,Fill in at end of month,0,0,Fill in at end of month,Fill in at end of month,Fill in at end of month,Fill in at end of month,Fill in at end of month,Fill in at end of month
December 2024,$0.00,$0.00,$0.00,0%,Fill in at end of month,Fill in at end of month,0,0,Fill in at end of month,Fill in at end of month,Fill in at end of month,Fill in at end of month,Fill in at end of month,Fill in at end of month
