"Day","Date","Pillar","Content Type","Caption Hook","Caption Angle","Visual Direction","CTA","Hashtag Set","Notes"
"1","Day 1","BTS","Reel","It's 9pm and I'm still editing — and honestly? I wouldn't change a thing.","Late-night editing reality check — humanizes the photographer's work ethic","Time-lapse or phone video of editing screen with coffee nearby, warm lamp light","Drop a coffee emoji if you've been there","Set 5 BTS","Post 6-8pm. Add trending audio to Reel for reach boost."
"2","Day 2","Work/Reveals","Single Image","She said she never photographs well. Then she saw this.","Before/after confidence transformation — emotional payoff of portrait work","Final portrait reveal: subject laughing or looking away naturally, golden-hour light, warm tones","Tag a friend who needs a session like this","Set 1 Portrait","Post 11am-1pm. Emotional hooks perform well mid-week."
"3","Day 3","Educational","Carousel","5 things that will ruin your wedding photos — and how to avoid them.","Common wedding photography pitfalls couples don't know about until it's too late","Slide 1: bold text on clean background. Slides 2-6: one tip each with a real example photo","Save this before you book your photographer","Set 2 Wedding","10-slide max. Save-worthy content — carousel boosts algorithmic reach."
"4","Day 4","BTS","Stories","The shot nobody sees before the shot everyone loves.","Show the messy reality behind a polished image — builds authenticity","Side-by-side Stories: the chaotic BTS moment vs. the finished photo","Poll: 'Did you know this is what it takes?' Yes / No","Set 5 BTS","Use native Stories poll sticker. Saves to Highlights under 'BTS'."
"5","Day 5","Engagement","Reel","POV: you handed your camera to a non-photographer for 5 seconds.","Relatable humor for photographers — connects with fellow creatives and clients","Quick comedic cuts of blurry, off-angle shots ending on a perfect professional shot","Comment your worst ever accidental photo story","Mix","Post 5-7pm. Humor Reels share well — prioritize trending sound."
"6","Day 6","Social Proof","Single Image","'I didn't know a photo could make me cry.' — That's what she said when I sent the gallery.","Real client reaction as social proof — lets the work speak through emotion","Favorite image from a recent portrait or family session, soft and warm editing style","If you want photos that make YOU feel this way, link in bio to book","Set 1 Portrait","Post Tue-Thu 10am-12pm. Client quotes outperform generic testimonials."
"7","Day 7","BTS","Carousel","What's actually in my camera bag — and what I'd never shoot without.","Gear transparency post — educational and trust-building for potential clients","Flat lay of camera bag contents on a neutral surface, each item labeled in slides","Drop a question below about any piece of gear","Set 5 BTS","8-10 slides. Label gear names in text overlay on each slide."
"8","Day 8","Work/Reveals","Reel","From one nervous couple to 200 crying guests — this is what I live for.","Wedding day emotion recap — showcases the full storytelling range of wedding photography","60-90 second Reel: getting ready clips, ceremony tears, first dance, golden-hour couple shot","If this is what you want your wedding day to look like, DM me 'WEDDING'","Set 2 Wedding","Post Friday evening. Wedding content peaks Fri-Sun. Use romantic trending audio."
"9","Day 9","Educational","Single Image","The one camera setting most photographers ignore — and it's costing you sharp photos.","Quick educational tip (back-button focus or similar) that delivers instant value","Close-up of camera back screen or settings dial, good depth of field, clean composition","Save this and try it on your next shoot","Set 5 BTS","Post 9-11am. Educational single images drive saves — great for algorithm."
"10","Day 10","BTS","Reel","This is what 6 hours of a wedding day looks like in 45 seconds.","Day-in-the-life of a wedding photographer — raw, real, and energetic","Fast-cut Reel: alarm clock, gear packing, driving, venue arrival, ceremony, reception, driving home tired","Comment 'REAL' if you knew this was the job","Set 2 Wedding","Post Sunday evening to catch engaged couples browsing. High-energy audio works best."
"11","Day 11","Engagement","Carousel","Portrait or wedding: which style are you? Take this quiz to find out.","Interactive quiz carousel — drives saves and shares while qualifying ideal clients","Slide 1: bold question. Slides 2-7: either/or choices with photos. Last slide: results key","Comment your result below — A, B, or mix?","Mix","8-10 slides. Higher engagement when framed as a quiz. Save for Stories repurpose."
"12","Day 12","Work/Reveals","Single Image","Nobody told me the last image in a gallery would be the hardest to choose.","The process of curating a final gallery — shows the care behind every delivery","Gorgeous final portrait: subject in natural light, looking off-camera, lush background","Which detail in this image is your favorite? Tell me below.","Set 3 Family","Post 12-2pm. Single image with a question drives comment engagement."
"13","Day 13","Social Proof","Carousel","I asked 5 past clients what they wish they'd known before their session. Here's what they said.","Client-sourced wisdom carousel — credibility through real voices, not self-promotion","Slide 1: bold intro. Slides 2-6: one quote per client with their name/session type. Slide 7: CTA","Book your session — link in bio","Set 1 Portrait","Real quotes only. Ask clients for permission to feature them. Saves build trust."
"14","Day 14","BTS","Stories","Real talk: I almost cancelled this session because of the weather.","Vulnerability about the unpredictability of the job — relatable and real","Stories sequence: rainy/cloudy outdoor shot → pivot location → stunning final image","Vote: 'Have you ever had a session save itself?' Yes / Absolutely","Set 5 BTS","3-5 Stories in a sequence. Ends on a win — good for Highlights 'BTS' folder."
"15","Day 15","Educational","Reel","Here's why your photos look different on your phone vs. printed — and how to fix it.","Color calibration and export settings explained simply — highly shareable educational content","Screen recording of Lightroom export settings with voiceover, end with printed vs. digital comparison","Save this if you've ever been disappointed by a print","Set 5 BTS","Post 10am-12pm. Tutorial Reels get strong saves and shares. Add captions for silent viewing."
"16","Day 16","Work/Reveals","Carousel","Same family. Three years in a row. Watch what changed.","Year-over-year family session comparison — emotional, nostalgic, and deeply shareable","Slides alternating between years: same location, similar poses, showing kids growing. Final slide: current year","Book your own annual session — DM me 'ANNUAL'","Set 3 Family","Get client permission. Anniversary/legacy content drives emotional shares."
"17","Day 17","Engagement","Reel","Okay photographers, be honest — how many hard drives do you have right now?","Funny engagement post targeting fellow photographers — builds community and shares fast","Quick comedic Reel: pulling out drives from a bag, stacking them dramatically, end with a stunned face","Comment your number — no judgment zone","Set 5 BTS","Post 5-7pm. Humor content peaks weekday evenings. Use a funny trending sound."
"18","Day 18","BTS","Single Image","The location looked terrible until I turned 180 degrees.","Perspective and scouting tip — shows the creative problem-solving behind a session","Diptych or single image showing the 'ugly' direction vs. the beautiful final composition","Drop a location scouting win in the comments","Set 5 BTS","Post 11am-1pm. Single images with a reveal hook perform steadily all week."
"19","Day 19","Work/Reveals","Reel","She almost didn't book because she said she wasn't photogenic. These are the results.","Confidence-boosting transformation story — directly addresses a top client objection","Emotional Reel: nervous client arriving, laughing behind camera, stunning final reveal portrait","If this sounds like you, send me a DM — I promise you're more photogenic than you think","Set 1 Portrait","Post 6-8pm Tuesday or Wednesday. This objection is universal — expect high saves."
"20","Day 20","Educational","Carousel","What to wear to your photo session (and what to absolutely avoid).","Outfit guide for clients — saves answer time and positions photographer as an expert guide","Slide 1: bold hook. Slides 2-5: good examples with photos. Slides 6-8: what NOT to wear. Slide 9: color palette tips","Save this and send it to whoever is coming to your session","Set 1 Portrait","10-slide max. This carousel gets shared by clients. Pin it to your profile."
"21","Day 21","Social Proof","Reel","I read every word of this review and honestly I ugly-cried at my desk.","Reading a real client review on camera — raw, personal, and incredibly trust-building","Phone or laptop screen showing a 5-star review, photographer reads it on camera with genuine reaction","If you want to feel this seen by your photographer, book a consultation — link in bio","Mix","Post 12-2pm. Authentic vulnerability performs well. Use soft background music."
"22","Day 22","BTS","Carousel","What a wedding photographer actually does the week before the wedding.","Behind-the-scenes of pre-wedding prep — shows professionalism and thoroughness to couples","Slides: venue walkthrough, timeline draft, gear check, backup kit, client email, day-of checklist","If you're a bride, save this so you know what to expect from your photographer","Set 2 Wedding","Positions you as a premium, detail-oriented photographer. Strong trust content."
"23","Day 23","Work/Reveals","Single Image","Golden hour only lasts 12 minutes. We made every second count.","Urgency and magic of golden hour — romantic and aspirational for couples","Stunning golden-hour couple portrait: backlit, warm tones, couple laughing or in a quiet moment","Tag your person and tell them you want this photo","Set 2 Wedding","Post Thursday or Friday evening. Tagging CTA boosts reach significantly."
"24","Day 24","Engagement","Stories","This or that: branding shoot edition — swipe through and tell me your style.","Fun, low-effort engagement Stories — great for understanding your audience","7-10 Stories with 'This or That' branding photo comparisons using the poll sticker","Vote on each one — your answers help me plan future content!","Set 4 Branding","Use Stories poll sticker on every slide. Great for audience research too."
"25","Day 25","Educational","Reel","3 posing cues that make every client look confident in photos — even if they hate being photographed.","Posing tips that remove friction for nervous clients — shareable by clients AND photographers","Demonstrate each pose cue on camera or with a model: 'pop a hip,' 'shift weight,' 'soft chin forward'","Save this and send it to your next client before their session","Mix","Post 10am-12pm. Dual audience: photographers AND potential clients share this content."
"26","Day 26","BTS","Reel","I showed up to this session with no plan. Here's what happened.","Embrace of creative spontaneity — reassures clients who worry about over-planning","Fast-cut Reel: empty location, 'no plan' text overlay, exploring, finding light, final stunning image","Comment 'MAGIC' if you believe the best sessions are unscripted","Set 5 BTS","Post 6-8pm. Spontaneity narrative is aspirational and highly engaging."
"27","Day 27","Work/Reveals","Carousel","She built her entire brand around this one headshot session. Here's how.","Before-and-after brand transformation story — shows the ROI of professional branding photography","Slide 1: old DIY headshot. Slides 2-6: new branding session images. Slides 7-8: brand application in action","Ready to build your brand with photos that actually work? DM me 'BRAND'","Set 4 Branding","8-10 slides. Include real results if possible. Ideal for LinkedIn cross-posting."
"28","Day 28","Engagement","Single Image","Hot take: the best family photos happen when you stop trying to get everyone to smile.","Contrarian opinion on family photography — sparks debate and comments","Candid family moment: kids running, parents laughing at something real, genuine chaos and joy","Agree or disagree? Tell me in the comments","Set 3 Family","Post midday. Opinion posts drive comment threads. Respond to every comment quickly."
"29","Day 29","BTS","Carousel","My biggest photography fail — and what it taught me about this business.","Vulnerability and failure story — builds trust and makes the photographer relatable and human","Slide 1: bold hook. Slides 2-5: tell the story with images. Slides 6-7: the lesson. Slide 8: CTA","Drop your own fail story in the comments — we're all learning","Set 5 BTS","Personal story carousels get saved and shared. Don't oversell the lesson — just be real."
"30","Day 30","Work/Reveals","Reel","30 days ago I committed to showing up here. Here's every session I've shot since.","Month wrap-up Reel — celebrates consistency, showcases range, and builds momentum","Montage Reel of highlights from 30 sessions or the best images from this month, upbeat trending audio","Follow along for the next 30 days — the best work is still coming","Mix","Post 5-7pm on a Sunday. Momentum-building content. Tease what's coming next month."
