Niche,Position,Tag Phrase,Character Count,Valid (<=20 chars)
Digital Planner,Tag 1,digital planner,15,YES
Digital Planner,Tag 2,planner printable,17,YES
Digital Planner,Tag 3,daily planner pdf,17,YES
Digital Planner,Tag 4,minimalist planner,18,YES
Digital Planner,Tag 5,goodnotes planner,17,YES
Digital Planner,Tag 6,ipad planner,12,YES
Digital Planner,Tag 7,planner for student,19,YES
Digital Planner,Tag 8,productivity planner,20,YES
Digital Planner,Tag 9,undated planner,15,YES
Digital Planner,Tag 10,planner 2024,12,YES
Digital Planner,Tag 11,back to school gift,19,YES
Digital Planner,Tag 12,digital download,16,YES
Digital Planner,Tag 13,instant download,16,YES
Wall Art,Tag 1,wall art printable,18,YES
Wall Art,Tag 2,digital wall art,16,YES
Wall Art,Tag 3,printable wall decor,20,YES
Wall Art,Tag 4,boho wall art,13,YES
Wall Art,Tag 5,minimalist wall art,19,YES
Wall Art,Tag 6,bedroom wall decor,18,YES
Wall Art,Tag 7,living room print,17,YES
Wall Art,Tag 8,aesthetic wall art,18,YES
Wall Art,Tag 9,instant download art,20,YES
Wall Art,Tag 10,gallery wall print,18,YES
Wall Art,Tag 11,housewarming gift,17,YES
Wall Art,Tag 12,apartment decor,15,YES
Wall Art,Tag 13,neutral wall art,16,YES
Personalized Jewelry,Tag 1,personalized necklace,21,TOO LONG
Personalized Jewelry,Tag 2,custom name necklace,20,YES
Personalized Jewelry,Tag 3,initial necklace,16,YES
Personalized Jewelry,Tag 4,name jewelry,12,YES
Personalized Jewelry,Tag 5,personalized gift,17,YES
Personalized Jewelry,Tag 6,gift for her,12,YES
Personalized Jewelry,Tag 7,birthday gift woman,19,YES
Personalized Jewelry,Tag 8,mothers day gift,16,YES
Personalized Jewelry,Tag 9,sister gift,11,YES
Personalized Jewelry,Tag 10,custom jewelry,14,YES
Personalized Jewelry,Tag 11,gold name necklace,18,YES
Personalized Jewelry,Tag 12,dainty necklace,15,YES
Personalized Jewelry,Tag 13,meaningful jewelry,18,YES
Stickers,Tag 1,planner stickers,16,YES
Stickers,Tag 2,journal stickers,16,YES
Stickers,Tag 3,decorative stickers,19,YES
Stickers,Tag 4,bullet journal,14,YES
Stickers,Tag 5,functional stickers,19,YES
Stickers,Tag 6,sticker sheet,13,YES
Stickers,Tag 7,calendar stickers,17,YES
Stickers,Tag 8,habit tracker,13,YES
Stickers,Tag 9,weekly planner stickers,23,TOO LONG
Stickers,Tag 10,cute stickers,13,YES
Stickers,Tag 11,kawaii stickers,15,YES
Stickers,Tag 12,stationery gift,15,YES
Stickers,Tag 13,scrapbook stickers,18,YES
Candles,Tag 1,soy candle,10,YES
Candles,Tag 2,scented candle,14,YES
Candles,Tag 3,natural candle,14,YES
Candles,Tag 4,home decor candle,17,YES
Candles,Tag 5,gift candle,11,YES
Candles,Tag 6,birthday candle gift,20,YES
Candles,Tag 7,housewarming candle,19,YES
Candles,Tag 8,self care gift,14,YES
Candles,Tag 9,relaxation gift,15,YES
Candles,Tag 10,aromatherapy candle,19,YES
Candles,Tag 11,hand poured candle,18,YES
Candles,Tag 12,minimalist candle,17,YES
Candles,Tag 13,hygge home decor,16,YES
Custom Shirts,Tag 1,custom tshirt,13,YES
Custom Shirts,Tag 2,funny shirt,11,YES
Custom Shirts,Tag 3,graphic tee,11,YES
Custom Shirts,Tag 4,personalized shirt,18,YES
Custom Shirts,Tag 5,gift shirt,10,YES
Custom Shirts,Tag 6,birthday shirt,14,YES
Custom Shirts,Tag 7,unisex tshirt,13,YES
Custom Shirts,Tag 8,novelty gift,12,YES
Custom Shirts,Tag 9,funny gift,10,YES
Custom Shirts,Tag 10,custom clothing,15,YES
Custom Shirts,Tag 11,screen print shirt,18,YES
Custom Shirts,Tag 12,slogan tee,10,YES
Custom Shirts,Tag 13,humor shirt,11,YES
