Day,Category,Caption,Hashtag,Type
1,Insurance Education,Your homeowner's insurance covers your house structure — but your belongings inside require a separate 'personal property' coverage. Do you know your limit?,#insurance,Post
2,Insurance Education,"Flood insurance is NOT included in standard homeowner's policies. If you live near water or in a low-lying area, you need a separate flood policy.",#insurance,Post
3,Insurance Education,Liability coverage on your auto policy protects other people if YOU cause an accident. Make sure your limits are high enough.,#insurance,Post
4,Insurance Education,An umbrella policy gives you an extra $1-2 million of liability coverage on top of your home and auto policies — for about $200-$300/year.,#insurance,Post
5,Insurance Education,Your credit score affects your insurance rates in most states. Improving your credit can directly lower your premiums.,#insurance,Post
6,Insurance Education,Term life insurance is the most affordable way to protect your family's income — a 20-year term policy for a healthy 35-year-old can cost less than your morning coffee.,#insurance,Post
7,Insurance Education,The 'replacement cost' vs. 'actual cash value' debate: Replacement cost pays to replace your item new. ACV deducts depreciation. Always choose replacement cost if you can.,#insurance,Post
8,Insurance Education,"Comprehensive auto insurance covers non-collision incidents: theft, vandalism, weather damage, and hitting an animal.",#insurance,Post
9,Insurance Education,"Collision coverage pays for damage to YOUR car in an accident, regardless of fault.",#insurance,Post
10,Insurance Education,Renters insurance is typically $15-$30/month and protects all your belongings. Yet 60% of renters have none.,#insurance,Post
11,Insurance Education,A 'named perils' policy covers only the perils specifically listed. An 'open perils' or 'all-risk' policy covers everything EXCEPT what's excluded.,#insurance,Post
12,Insurance Education,Disability insurance replaces 60-70% of your income if you can't work. It's the most overlooked coverage in America.,#insurance,Post
13,Insurance Education,Medicare doesn't cover everything. A Medicare supplement (Medigap) policy fills the gaps left by Original Medicare.,#insurance,Post
14,Insurance Education,Workers compensation insurance is required in most states for businesses with employees. It covers medical bills and lost wages for work injuries.,#insurance,Post
15,Insurance Education,General liability insurance protects your business if a customer is injured on your premises or by your product.,#insurance,Post
16,Insurance Education,Business interruption insurance covers lost income if your business must close temporarily due to a covered loss.,#insurance,Post
17,Insurance Education,"Cyber liability insurance protects businesses from data breach costs, ransomware, and cyber fraud — now essential for any business that stores customer data.",#insurance,Post
18,Insurance Education,A BOP (Business Owner's Policy) bundles general liability + commercial property into one affordable policy — perfect for small businesses.,#insurance,Post
19,Insurance Education,"E&O (Errors & Omissions) insurance protects professionals if a client claims financial harm from a mistake. Essential for agents, consultants, and advisors.",#insurance,Post
20,Insurance Education,Directors & Officers (D&O) insurance protects board members and executives from lawsuits related to their management decisions.,#insurance,Post
21,Insurance Education,"Employment Practices Liability (EPLI) protects businesses against claims of wrongful termination, harassment, and discrimination.",#insurance,Post
22,Insurance Education,"Long-term care insurance covers nursing home, assisted living, and in-home care costs — the average nursing home costs $100,000+ per year.",#insurance,Post
23,Insurance Education,An annuity converts a lump sum into a guaranteed income stream — useful for retirement planning.,#insurance,Post
24,Insurance Education,"Inland marine insurance covers valuable property that moves or is stored off-premises: equipment, tools, fine art, and electronics.",#insurance,Post
25,Insurance Education,Professional liability (malpractice) insurance is required for healthcare professionals and highly recommended for all licensed professionals.,#insurance,Post
26,Insurance Education,Key person insurance protects a business if a critical employee (owner or star performer) dies or becomes disabled.,#insurance,Post
27,Insurance Education,Buy-sell insurance funds a buyout agreement between business partners if one partner dies or becomes disabled.,#insurance,Post
28,Insurance Education,"Health insurance deductibles, copays, and out-of-pocket maximums are different things — understanding all three helps you plan healthcare costs.",#insurance,Post
29,Insurance Education,The ACA marketplace offers subsidized health insurance to individuals who don't have employer coverage. Open enrollment is November-January.,#insurance,Post
30,Insurance Education,Life insurance proceeds pass to beneficiaries income-tax-free — one of the most powerful wealth transfer tools available.,#insurance,Post
31,Insurance Education,The rule of thumb for life insurance: 10-12x your annual income in coverage.,#insurance,Post
32,Insurance Education,Short-term disability covers you for the first 90-180 days of disability. Long-term covers beyond that. Many people need both.,#insurance,Post
33,Insurance Education,Guaranteed issue life insurance requires no medical exam — great for seniors or those with pre-existing conditions.,#insurance,Post
34,Insurance Education,Variable life insurance has a cash value component tied to market performance. It's insurance AND investment.,#insurance,Post
35,Insurance Education,Whole life insurance builds cash value you can borrow against tax-free. It's permanent coverage with a savings component.,#insurance,Post
36,Insurance Education,Universal life insurance offers flexible premiums and a cash value component that grows at a declared interest rate.,#insurance,Post
37,Agent Value & Trust,I'm not just an insurance agent — I'm an independent agent. That means I shop multiple carriers to find you the best deal.,#insurance,Post
38,Agent Value & Trust,The best time to review your insurance is BEFORE something happens. Don't wait for a claim to discover a coverage gap.,#insurance,Post
39,Agent Value & Trust,"My goal isn't to sell you the most expensive policy. My goal is to make sure you have exactly the coverage you need — nothing more, nothing less.",#insurance,Post
40,Agent Value & Trust,"When you call me, you reach me. Not a call center. Not a robot. A real person who knows your policy.",#insurance,Post
41,Agent Value & Trust,"Independent agents like me represent multiple carriers — we work for YOU, not for any single insurance company.",#insurance,Post
42,Agent Value & Trust,"I've helped [X] clients protect their homes, businesses, and families. Let me help you too.",#insurance,Post
43,Agent Value & Trust,"If you have a claim, I'm your advocate. I'll call the adjuster, follow up, and make sure you're treated fairly.",#insurance,Post
44,Agent Value & Trust,Insurance is complicated — that's why you need someone in your corner who understands it. That's me.,#insurance,Post
45,Agent Value & Trust,I specialize in finding coverage gaps people don't know they have — until it's too late.,#insurance,Post
46,Agent Value & Trust,"The value I provide goes far beyond a quote. I'm here to educate, protect, and advocate for your interests.",#insurance,Post
47,Agent Value & Trust,"My clients don't just buy insurance from me — they buy peace of mind, knowing they're covered when it matters most.",#insurance,Post
48,Agent Value & Trust,Shopping insurance online is easy — understanding what you're buying is hard. That's where I come in.,#insurance,Post
49,Agent Value & Trust,I go to work for you before you even need me — reviewing your coverage annually to make sure it still fits your life.,#insurance,Post
50,Agent Value & Trust,You wouldn't go to surgery without a doctor. You shouldn't handle complex insurance needs without a professional.,#insurance,Post
51,Agent Value & Trust,"Commission transparency: I'm paid by the insurance carriers, so my advice and service cost you nothing extra.",#insurance,Post
52,Agent Value & Trust,I've seen what happens when families are underinsured after a major loss. I've made it my mission to prevent that.,#insurance,Post
53,Agent Value & Trust,My favorite call to make is the one after a claim — telling my client the carrier is paying in full.,#insurance,Post
54,Agent Value & Trust,Most people spend more time shopping for a TV than reviewing their insurance. Let me make your next review easy.,#insurance,Post
55,Agent Value & Trust,I've seen policies from 12 different carriers this week. Do you know which one is best for your specific situation? I do.,#insurance,Post
56,Agent Value & Trust,"Referrals are my #1 source of new business. If I've served you well, please share my name.",#insurance,Post
57,Agent Value & Trust,I specialize in making the complex simple. Insurance has a lot of fine print — I translate it for you.,#insurance,Post
58,Agent Value & Trust,I'm not in this for the transaction. I'm in this for the long-term relationship.,#insurance,Post
59,Agent Value & Trust,"When rates change at renewal, I'm already shopping the market before you know there's a problem.",#insurance,Post
60,Agent Value & Trust,My job is to know your situation better than you know your own insurance. Annual reviews make that possible.,#insurance,Post
61,Agent Value & Trust,"I review every client's coverage annually — not because I have to, but because it's the right thing to do.",#insurance,Post
62,Agent Value & Trust,The policies I recommend are the ones I would buy for my own family. That's my personal standard.,#insurance,Post
63,Agent Value & Trust,"I serve clients across home, auto, life, and commercial lines — one call for everything you need.",#insurance,Post
64,Agent Value & Trust,The insurance industry isn't always transparent. I am. I'll always tell you the truth about your coverage.,#insurance,Post
65,Agent Value & Trust,"Behind every insurance policy is a person, a family, or a business counting on it. I don't take that lightly.",#insurance,Post
66,Agent Value & Trust,Your insurance should evolve as your life evolves. That's why an annual review with a trusted agent matters.,#insurance,Post
67,Agent Value & Trust,I'm available when you need me — not just at renewal time.,#insurance,Post
68,Agent Value & Trust,"My reputation is built one client, one claim, and one renewal at a time. I protect it fiercely.",#insurance,Post
69,Agent Value & Trust,Most agents disappear after the sale. I show up all year long.,#insurance,Post
70,Agent Value & Trust,"When you refer your friends and family to me, you're trusting me with the people you love most. I honor that.",#insurance,Post
71,Agent Value & Trust,The question isn't whether you can afford insurance — it's whether you can afford to go without it.,#insurance,Post
72,Agent Value & Trust,I didn't choose insurance because it was easy. I chose it because helping people protect what matters most is meaningful work.,#insurance,Post
73,Home & Auto Tips,"Raise your deductible from $500 to $1,000 and you could save 10-15% on your home insurance premium.",#insurance,Post
74,Home & Auto Tips,Installing a home security system can qualify you for a 5-15% discount on your homeowner's insurance.,#insurance,Post
75,Home & Auto Tips,Bundle your home and auto with the same carrier and you'll typically save 10-25% on both policies.,#insurance,Post
76,Home & Auto Tips,Update your home insurance after ANY major renovation. An uninsured improvement is a financial risk.,#insurance,Post
77,Home & Auto Tips,Review your home's 'dwelling coverage' limit annually — construction costs increase every year.,#insurance,Post
78,Home & Auto Tips,"If you have high-value jewelry, art, or collectibles, ask about a scheduled personal property endorsement.",#insurance,Post
79,Home & Auto Tips,Teen driver on your policy? Driver's Ed completion and good grades can significantly reduce your premium.,#insurance,Post
80,Home & Auto Tips,"If your vehicle is worth less than $5,000, consider dropping comprehensive and collision to reduce your premium.",#insurance,Post
81,Home & Auto Tips,Gap insurance covers the difference between what you owe on a financed vehicle and its actual cash value after a total loss.,#insurance,Post
82,Home & Auto Tips,New car replacement coverage pays for a brand-new vehicle (not depreciated value) if yours is totaled in the first few years.,#insurance,Post
83,Home & Auto Tips,Rideshare coverage is required if you drive for Uber or Lyft — your personal auto policy won't cover you during those trips.,#insurance,Post
84,Home & Auto Tips,"Water backup coverage protects against sewer or drain backups, which are excluded from most standard home policies.",#insurance,Post
85,Home & Auto Tips,Identity theft protection is now available as a home insurance endorsement — for a few dollars a month.,#insurance,Post
86,Home & Auto Tips,Snap photos of every room in your home and store them in the cloud. This simplifies claims dramatically.,#insurance,Post
87,Home & Auto Tips,"If you have a pool, trampoline, or dog, talk to your agent about additional liability coverage.",#insurance,Post
88,Home & Auto Tips,Completing a defensive driving course can qualify you for an auto insurance discount in most states.,#insurance,Post
89,Home & Auto Tips,Paying your premium annually instead of monthly can save you 3-8% in installment fees.,#insurance,Post
90,Home & Auto Tips,Multi-car discounts can save 10-15% per vehicle when insuring multiple cars on one policy.,#insurance,Post
91,Home & Auto Tips,Regularly review your auto policy's liability limits — the minimum required by your state is rarely enough.,#insurance,Post
92,Home & Auto Tips,"Before buying a new or used car, ask your agent for an insurance quote. Different makes and models vary widely in cost.",#insurance,Post
93,Home & Auto Tips,The garaging location of your vehicle affects your rate — a city ZIP code typically costs more than a suburban one.,#insurance,Post
94,Home & Auto Tips,"Anti-theft devices, anti-lock brakes, and airbags all qualify for discounts with many auto carriers.",#insurance,Post
95,Home & Auto Tips,Uninsured motorist coverage protects you if you're hit by a driver with no insurance — don't skip it.,#insurance,Post
96,Home & Auto Tips,"Medical payments coverage (MedPay) covers you and your passengers' medical bills after an accident, regardless of fault.",#insurance,Post
97,Home & Auto Tips,Personal injury protection (PIP) is required in no-fault states and covers medical costs + lost wages.,#insurance,Post
98,Home & Auto Tips,Your home insurance won't cover a home-based business loss. Ask about a business owner's endorsement.,#insurance,Post
99,Home & Auto Tips,Check your home insurance for 'ordinance or law' coverage — it pays to bring your repaired home up to current building codes.,#insurance,Post
100,Home & Auto Tips,Earthquake and flood are almost always excluded from standard homeowner's policies — research your risk.,#insurance,Post
101,Home & Auto Tips,Review your 'loss of use' coverage — it pays for temporary housing while your home is being repaired after a covered loss.,#insurance,Post
102,Home & Auto Tips,Vacant home insurance is a separate policy required if your home will be empty for 30+ days.,#insurance,Post
103,Home & Auto Tips,Inflation guard endorsements automatically increase your dwelling limit each year to keep pace with construction costs.,#insurance,Post
104,Home & Auto Tips,"When buying a home, ask about the prior claim history — frequent prior claims can affect your policy availability.",#insurance,Post
105,Home & Auto Tips,"Trees and landscaping: a standard policy typically covers removal if a tree falls on a covered structure, but not on just your lawn.",#insurance,Post
106,Home & Auto Tips,Trampoline liability is a real concern — some carriers won't insure homes with trampolines without a net enclosure.,#insurance,Post
107,Home & Auto Tips,Your home office equipment may not be covered under your homeowner's policy. Ask about a business property rider.,#insurance,Post
108,Home & Auto Tips,Most home policies include a 'liability' portion that covers injuries to visitors on your property. Know your limit.,#insurance,Post
109,Life & Health Insurance,Life insurance: Don't wait until you're sick to apply. The healthiest years of your life are the best time to lock in low rates.,#insurance,Post
110,Life & Health Insurance,"If your employer offers life insurance, the coverage often ends when your job does. Supplement with your own policy.",#insurance,Post
111,Life & Health Insurance,"A 20-year term life policy for a 30-year-old non-smoker can cost as little as $20-$30/month for $500,000 in coverage.",#insurance,Post
112,Life & Health Insurance,Converting a term policy to permanent life insurance is usually possible without a new medical exam — check your policy.,#insurance,Post
113,Life & Health Insurance,"If you're a business owner, life insurance can fund a buy-sell agreement — protecting your business partners if you die.",#insurance,Post
114,Life & Health Insurance,"Beneficiary designations override your will. Review them every few years, especially after major life events.",#insurance,Post
115,Life & Health Insurance,Cash value life insurance can supplement retirement income through tax-advantaged policy loans.,#insurance,Post
116,Life & Health Insurance,The 'insurable interest' requirement means you can only buy life insurance on people you have a financial relationship with.,#insurance,Post
117,Life & Health Insurance,"Most life insurance policies have a 2-year contestability period — if you misrepresent health info, the carrier can deny claims.",#insurance,Post
118,Life & Health Insurance,A 'waiver of premium' rider waives your premiums if you become disabled — a valuable addition to any life policy.,#insurance,Post
119,Life & Health Insurance,Accidental death and dismemberment (AD&D) pays in addition to your life insurance if death or injury is accidental.,#insurance,Post
120,Life & Health Insurance,A child rider on your life insurance policy provides a small death benefit for minor children at a very low cost.,#insurance,Post
121,Life & Health Insurance,"Long-term disability insurance: if you get sick or injured and can't work, your mortgage doesn't pause. Does your income coverage?",#insurance,Post
122,Life & Health Insurance,Group health insurance through your employer is often the most affordable option — but compare with marketplace options.,#insurance,Post
123,Life & Health Insurance,An HSA (Health Savings Account) paired with a high-deductible health plan can save thousands in annual premiums.,#insurance,Post
124,Life & Health Insurance,"COBRA allows you to continue employer health coverage after leaving a job — but you pay the full premium, which can be expensive.",#insurance,Post
125,Life & Health Insurance,"Medicaid eligibility is based on income. If your income dropped significantly, you may now qualify.",#insurance,Post
126,Life & Health Insurance,Short-term health insurance can bridge gaps between jobs or during open enrollment waiting periods.,#insurance,Post
127,Life & Health Insurance,Dental and vision insurance are typically separate from health insurance — don't forget these important coverages.,#insurance,Post
128,Life & Health Insurance,"Critical illness insurance pays a lump sum if you're diagnosed with cancer, heart attack, stroke, or other specified conditions.",#insurance,Post
129,Life & Health Insurance,Hospital indemnity insurance pays a daily cash benefit for each day you're hospitalized — helps cover deductibles and co-pays.,#insurance,Post
130,Life & Health Insurance,Medicare open enrollment runs October 15 – December 7. Missing it means waiting until next year.,#insurance,Post
131,Life & Health Insurance,A Medicare Advantage plan bundles Original Medicare with prescription drug coverage and often includes dental and vision.,#insurance,Post
132,Life & Health Insurance,Medigap Plan G is one of the most comprehensive Medicare supplement plans — covering most out-of-pocket costs.,#insurance,Post
133,Life & Health Insurance,Life insurance trusts (ILITs) remove life insurance proceeds from your taxable estate — a key estate planning tool.,#insurance,Post
134,Life & Health Insurance,Graded benefit life insurance has a 2-3 year waiting period before full benefits pay — understand before you buy.,#insurance,Post
135,Life & Health Insurance,Return of premium term insurance refunds your premiums if you outlive the policy term — costs more but has zero waste.,#insurance,Post
136,Life & Health Insurance,"The medical exam for life insurance typically includes blood pressure, blood draw, and urinalysis. Prepare by fasting 4-8 hours.",#insurance,Post
137,Life & Health Insurance,"If you've had a health challenge, an impaired risk specialist can still find you coverage — don't assume you're uninsurable.",#insurance,Post
138,Life & Health Insurance,"Final expense insurance is a small whole life policy designed to cover funeral costs — typically $5,000-$25,000 face amount.",#insurance,Post
139,Life & Health Insurance,"Spousal life insurance: if a stay-at-home parent passed away, the cost to replace their contributions (childcare, household) can exceed $100,000/year.",#insurance,Post
140,Life & Health Insurance,"Group life insurance at work is 'free' — but it's often 1-2x salary, far less than what your family actually needs.",#insurance,Post
141,Life & Health Insurance,Premium financing lets high-net-worth individuals buy large life insurance policies using a loan against other assets.,#insurance,Post
142,Life & Health Insurance,An irrevocable life insurance trust (ILIT) keeps life insurance out of your taxable estate. Estate planning essential for high-net-worth clients.,#insurance,Post
143,Life & Health Insurance,Income replacement should be your life insurance north star: how much income would my family need if I were gone tomorrow?,#insurance,Post
144,Life & Health Insurance,Living benefits riders allow you to access your life insurance death benefit while living if you're diagnosed with a terminal illness.,#insurance,Post
145,Commercial Insurance,Every business needs general liability insurance — it's the foundation of a commercial insurance program.,#insurance,Post
146,Commercial Insurance,"A BOP (Business Owner's Policy) combines GL + property + business interruption into one package, usually at a discount.",#insurance,Post
147,Commercial Insurance,"Workers compensation is required in most states for all employees, regardless of part-time or full-time status.",#insurance,Post
148,Commercial Insurance,"Commercial auto is separate from personal auto. If you use your vehicle for business, your personal policy may exclude coverage.",#insurance,Post
149,Commercial Insurance,Professional liability (E&O) covers claims that your professional advice or service caused a client financial harm.,#insurance,Post
150,Commercial Insurance,"Cyber insurance is no longer optional. The average cost of a data breach for a small business exceeds $200,000.",#insurance,Post
151,Commercial Insurance,"If your business has contracts with other companies, they likely require you to carry minimum liability limits and be listed as 'additional insured.'",#insurance,Post
152,Commercial Insurance,"EPLI (Employment Practices Liability) protects against claims of wrongful termination, discrimination, and sexual harassment.",#insurance,Post
153,Commercial Insurance,Directors & Officers (D&O) insurance is essential for any business with a board — even nonprofits.,#insurance,Post
154,Commercial Insurance,"Product liability coverage protects manufacturers, distributors, and retailers if a product injures a customer.",#insurance,Post
155,Commercial Insurance,Commercial umbrella insurance provides excess liability limits above your underlying commercial policies.,#insurance,Post
156,Commercial Insurance,"If your business leases space, your landlord's property insurance does NOT cover your contents or equipment.",#insurance,Post
157,Commercial Insurance,"Business interruption coverage pays your fixed expenses (rent, payroll) if your business must temporarily close after a covered loss.",#insurance,Post
158,Commercial Insurance,Equipment breakdown coverage (aka boiler and machinery) covers unexpected breakdown of mechanical and electrical equipment.,#insurance,Post
159,Commercial Insurance,"Inland marine insurance covers tools, equipment, and inventory in transit or stored off-premises.",#insurance,Post
160,Commercial Insurance,"Commercial crime insurance covers employee theft, forgery, and computer fraud — a real risk for businesses of any size.",#insurance,Post
161,Commercial Insurance,"Pollution liability insurance is critical for contractors, cleaning companies, and anyone who handles chemicals.",#insurance,Post
162,Commercial Insurance,"Garage keepers liability covers damage to customers' vehicles while in your care — essential for auto shops, dealers, and valet operations.",#insurance,Post
163,Commercial Insurance,"Liquor liability insurance is required for businesses that serve, sell, or distribute alcohol.",#insurance,Post
164,Commercial Insurance,Habitational insurance covers multi-family residential properties — different from standard homeowner's policies.,#insurance,Post
165,Commercial Insurance,"Construction risks (builders risk insurance) cover a structure under construction against fire, theft, and weather damage.",#insurance,Post
166,Commercial Insurance,Surety bonds guarantee that a contractor will complete a job — required for many government and commercial contracts.,#insurance,Post
167,Commercial Insurance,Workers comp classification codes directly impact your premium — make sure your employees are classified correctly.,#insurance,Post
168,Commercial Insurance,Experience modification factor (mod) reflects your claims history relative to your industry. A mod below 1.0 earns a discount.,#insurance,Post
169,Commercial Insurance,"Loss control programs funded by carriers (safety training, inspections) can reduce your workers comp premiums significantly.",#insurance,Post
170,Commercial Insurance,Certificate of insurance (COI) is proof your coverage exists. Clients and contracts often require one before work begins.,#insurance,Post
171,Commercial Insurance,Additional insured endorsements add another party to your policy's coverage — required by many contracts.,#insurance,Post
172,Commercial Insurance,Blanket additional insured endorsements cover all additional insureds under one endorsement instead of adding them one by one.,#insurance,Post
173,Commercial Insurance,Waiver of subrogation prevents your carrier from suing a named party after paying your claim — often required by contracts.,#insurance,Post
174,Commercial Insurance,The 'per occurrence' vs. 'aggregate' limit distinction: per occurrence is the max per incident; aggregate is the total per policy year.,#insurance,Post
175,Commercial Insurance,"Commercial property insurance typically excludes flood, earthquake, and certain weather events — evaluate your location's risk.",#insurance,Post
176,Commercial Insurance,"Fleet insurance covers multiple commercial vehicles under one policy, typically cheaper than individual policies.",#insurance,Post
177,Commercial Insurance,"Healthcare practices face specialized liability exposures — medical malpractice, HIPAA liability, and cyber risk are all relevant.",#insurance,Post
178,Commercial Insurance,"Technology E&O covers tech companies for software failures, system outages, and data errors that harm clients.",#insurance,Post
179,Commercial Insurance,Franchise insurance programs: many franchisors offer group insurance programs for franchisees — compare with the open market.,#insurance,Post
180,Commercial Insurance,Non-owned auto liability covers your business if an employee uses their personal vehicle for company business.,#insurance,Post
181,Prospecting & Sales Tips,The best time to follow up with an insurance lead is within 5 minutes of receiving it. Speed-to-contact dramatically improves conversion.,#insurance,Post
182,Prospecting & Sales Tips,Ask questions before you quote. Agents who understand the prospect's situation write better policies and close at higher rates.,#insurance,Post
183,Prospecting & Sales Tips,"Objections are buying signals. When someone says 'I need to think about it,' they're asking for more information or reassurance.",#insurance,Post
184,Prospecting & Sales Tips,The #1 reason people switch insurance agents is NOT price — it's feeling ignored or undervalued. Don't let that be you.,#insurance,Post
185,Prospecting & Sales Tips,Referrals close at 3-5x the rate of cold leads. Build your referral system before you need it.,#insurance,Post
186,Prospecting & Sales Tips,The multi-policy household is your ideal client. Home + auto + umbrella + life = higher retention and higher value.,#insurance,Post
187,Prospecting & Sales Tips,Don't pitch products — solve problems. 'What keeps you up at night about your [home/business/family]?' is a better opener than any script.,#insurance,Post
188,Prospecting & Sales Tips,"Social proof closes deals. Before every proposal, ask if you can share a story about how you helped a similar client.",#insurance,Post
189,Prospecting & Sales Tips,"Every 'no' is feedback, not failure. What specifically was the objection? Fix it and try again with the next prospect.",#insurance,Post
190,Prospecting & Sales Tips,"Your CRM is your business. If it's not in the CRM, it didn't happen. Log every contact, every conversation, every outcome.",#insurance,Post
191,Prospecting & Sales Tips,LinkedIn is a goldmine for commercial lines prospecting. Your ideal business owner client is posting there right now.,#insurance,Post
192,Prospecting & Sales Tips,The fortune is in the follow-up. Most insurance sales happen after 5+ contacts. Most agents give up after 2.,#insurance,Post
193,Prospecting & Sales Tips,Testimonials from clients in the same industry as your prospect are 10x more persuasive than any brochure.,#insurance,Post
194,Prospecting & Sales Tips,Price isn't your enemy — perceived value is. Build enough value in the consultation and price rarely kills the deal.,#insurance,Post
195,Prospecting & Sales Tips,"Asking for referrals should happen BEFORE the sale is closed — 'If I take great care of you, would you be willing to introduce me to others?'",#insurance,Post
196,Prospecting & Sales Tips,"Commercial lines phone prospecting works best Tuesday-Thursday, 10am-12pm and 2-4pm. Avoid Mondays and Fridays.",#insurance,Post
197,Prospecting & Sales Tips,The discovery conversation is more important than the proposal. Agents who ask great questions write great proposals.,#insurance,Post
198,Prospecting & Sales Tips,Never send a quote via email without a follow-up call scheduled to walk through it together.,#insurance,Post
199,Prospecting & Sales Tips,Annual reviews are your single best retention AND cross-sell tool. Block time for them every week.,#insurance,Post
200,Prospecting & Sales Tips,A well-timed 'check-in' call between renewals shows clients you're thinking about them — not just their premium.,#insurance,Post
201,Prospecting & Sales Tips,"Personal branding on social media makes cold calls warmer. When prospects have seen your content, they already know you.",#insurance,Post
202,Prospecting & Sales Tips,Video voicemails on LinkedIn have 5x higher response rates than text messages. Try it this week.,#insurance,Post
203,Prospecting & Sales Tips,The fastest path to a $500K GCI agency is building a referral machine. Start with your top 20% of clients.,#insurance,Post
204,Prospecting & Sales Tips,"Every new client is a referral opportunity — ask within the first 30 days, while the experience is fresh.",#insurance,Post
205,Prospecting & Sales Tips,Track your close ratio by lead source. Double down on what's working and minimize what's not.,#insurance,Post
206,Prospecting & Sales Tips,Learning to say 'I'm not the right fit for every client' actually builds trust — and sends you better leads.,#insurance,Post
207,Prospecting & Sales Tips,"The best agents I know are constantly learning — product updates, sales techniques, market trends. Never stop growing.",#insurance,Post
208,Prospecting & Sales Tips,Your pitch deck or proposal quality sends a signal about your agency quality before the client ever becomes one.,#insurance,Post
209,Prospecting & Sales Tips,Cross-selling is easiest right after a new policy binds — the client's trust in you is at its peak.,#insurance,Post
210,Prospecting & Sales Tips,Insurance is a relationship business. Long-term thinking always beats short-term transaction thinking.,#insurance,Post
211,Prospecting & Sales Tips,A client who bought one policy from you 5 years ago and nothing else since is a cross-sell opportunity waiting to happen.,#insurance,Post
212,Prospecting & Sales Tips,"Niche marketing (focus on one industry or demographic) allows you to become an expert, charge more, and generate better referrals.",#insurance,Post
213,Prospecting & Sales Tips,The 'assumptive close' works in insurance: 'I'll get this submitted today — do you want the effective date to be the first or the fifteenth?',#insurance,Post
214,Prospecting & Sales Tips,Most agents quit prospecting when they're busy. Top agents prospect hardest when they're busy — they're building pipeline.,#insurance,Post
215,Prospecting & Sales Tips,The average insurance agent writes 20 policies a year. Top agents write 100+. The difference is daily activity and follow-up.,#insurance,Post
216,Prospecting & Sales Tips,Consistency beats intensity. 20 calls every day beats 200 calls one day a month.,#insurance,Post
217,Risk Management,"Risk management is about identifying, assessing, and mitigating potential financial losses before they occur.",#insurance,Post
218,Risk Management,"The four methods of handling risk: avoid, reduce, transfer (insurance), and retain (self-insure).",#insurance,Post
219,Risk Management,A business continuity plan ensures your company can keep operating (or recover quickly) after a major disruption.,#insurance,Post
220,Risk Management,Regular property inspections by your carrier's loss control team can prevent claims — and often reduce premiums.,#insurance,Post
221,Risk Management,Fleet safety programs that track driver behavior can reduce commercial auto accidents AND lower your insurance costs.,#insurance,Post
222,Risk Management,A formal safety committee and documented safety policies can significantly reduce workers comp claims.,#insurance,Post
223,Risk Management,Don't just buy insurance to transfer risk — actively manage the risks that insurance can't fully cover.,#insurance,Post
224,Risk Management,"Fire suppression systems, security cameras, and proper lighting don't just protect your property — they reduce your premium.",#insurance,Post
225,Risk Management,The biggest uninsured risk for most families: the loss of the primary earner's income. Disability insurance is the fix.,#insurance,Post
226,Risk Management,Contract review before you sign is risk management. Never agree to assume unlimited liability in a contract.,#insurance,Post
227,Risk Management,Supply chain disruption is a growing risk for businesses — contingent business interruption insurance can help.,#insurance,Post
228,Risk Management,Cybersecurity training for employees reduces cyber risk — your IT security and your cyber insurance work together.,#insurance,Post
229,Risk Management,Document your business processes so operations can continue if a key employee is suddenly unavailable.,#insurance,Post
230,Risk Management,"Environmental liability is a growing risk for manufacturing, construction, and dry cleaning businesses.",#insurance,Post
231,Risk Management,Crisis management planning (what to do when something goes wrong) is as important as prevention.,#insurance,Post
232,Risk Management,Product recall insurance covers the cost of recalling a defective product — essential for food and consumer goods companies.,#insurance,Post
233,Risk Management,Reputational risk is increasingly insurable — media liability and crisis response coverage are available.,#insurance,Post
234,Risk Management,Healthcare organizations face HIPAA liability risk — cyber insurance and professional liability must address this.,#insurance,Post
235,Risk Management,Background checks and employee screening reduce employee dishonesty risk — and may be required by some insurers.,#insurance,Post
236,Risk Management,Directors and officers face personal liability for management decisions. D&O insurance is their protection.,#insurance,Post
237,Risk Management,Contractual risk transfer: requiring subcontractors to carry their own insurance shifts risk appropriately.,#insurance,Post
238,Risk Management,A certificate of insurance is not a substitute for reading the actual policy — it shows coverage exists but not what's excluded.,#insurance,Post
239,Risk Management,Business valuation affects your commercial property limit — update it every 3-5 years or after major acquisitions.,#insurance,Post
240,Risk Management,Properly installed and maintained fire suppression systems are the single most effective commercial property loss control measure.,#insurance,Post
241,Risk Management,Every business should have a written disaster recovery plan — and test it annually.,#insurance,Post
242,Risk Management,"Slip and fall prevention: proper lighting, non-slip mats, and regular property inspections reduce your GL claims.",#insurance,Post
243,Risk Management,Workplace ergonomics reduces repetitive stress injury claims — one of the most common workers comp claims categories.,#insurance,Post
244,Risk Management,Know your lease's indemnification clauses — you may be assuming risk that should belong to your landlord.,#insurance,Post
245,Risk Management,Fleet telematics (GPS + driving behavior monitoring) reduces accidents and can earn workers comp discounts.,#insurance,Post
246,Risk Management,Cybersecurity insurance is a complementary control — not a substitute for strong IT security practices.,#insurance,Post
247,Risk Management,A strong safety culture (leadership modeling safe behavior) reduces claims more than any written policy.,#insurance,Post
248,Risk Management,"The greatest risk most families face is not having enough life insurance — it's a risk with a simple, affordable solution.",#insurance,Post
249,Risk Management,Over-insuring (more coverage than your exposure warrants) wastes money. Under-insuring leaves you exposed. Find the balance.,#insurance,Post
250,Risk Management,"Risk management conversations make you a trusted advisor, not just an insurance salesperson.",#insurance,Post
251,Risk Management,The purpose of insurance is to return you to the financial position you were in before a loss — not to profit from one.,#insurance,Post
252,Risk Management,Risk is not inherently bad — it's what drives business forward. Insurance is what makes risk acceptable.,#insurance,Post
253,Client Success Stories,"A client of mine had a house fire while on vacation. Because we'd done a proper policy review, they had full replacement cost coverage — they rebuilt completely.",#insurance,Post
254,Client Success Stories,"I got a call from a client at 2am — their car was stolen. By morning, they had a rental reserved and a claim in process. That's what I'm here for.",#insurance,Post
255,Client Success Stories,A business owner came to me after a slip-and-fall lawsuit nearly wiped out his company. He now has proper GL and umbrella coverage.,#insurance,Post
256,Client Success Stories,A client switched to me from a direct carrier and saved $780 in the first year on the exact same coverage.,#insurance,Post
257,Client Success Stories,"I worked with a young family who didn't have life insurance. Weeks after we set up their coverage, the husband was diagnosed with cancer. The policy is now their financial lifeline.",#insurance,Post
258,Client Success Stories,A restaurant owner client had a kitchen fire and was closed for 3 months. Business interruption coverage replaced his lost income while repairs were made.,#insurance,Post
259,Client Success Stories,A contractor client was sued after a water pipe was accidentally cut during a renovation. GL insurance covered the defense and settlement costs.,#insurance,Post
260,Client Success Stories,I identified a coverage gap in a client's policy that would have left them without coverage after a flood. We fixed it before the water came.,#insurance,Post
261,Client Success Stories,"A client's teenage driver was in a serious accident. Because their liability limits were adequate, they were protected. Without my advice, they would have been exposed.",#insurance,Post
262,Client Success Stories,"A referral partner sent me a commercial client with a $0 deductible workers comp policy — we restructured it and saved $14,000 annually.",#insurance,Post
263,Client Success Stories,"A client called to cancel after a rate increase. I shopped the market, found a better rate, and they stayed. Loyalty retained.",#insurance,Post
264,Client Success Stories,"I helped a retiring business owner set up key person life insurance — when he passed unexpectedly, the benefit funded the buyout perfectly.",#insurance,Post
265,Client Success Stories,A couple came to me 2 weeks before closing on their first home — panicked about coverage. We had everything in place with a day to spare.,#insurance,Post
266,Client Success Stories,"A small business client had no cyber insurance. After a ransomware attack, it would have cost $80,000 out of pocket. Now they're protected.",#insurance,Post
267,Client Success Stories,I've helped 3 generations of the same family with their insurance. That kind of trust is what I work for.,#insurance,Post
268,Client Success Stories,"A client's jewelry wasn't on a scheduled endorsement. After a theft, we worked with the carrier to maximize recovery — but a rider would have paid more.",#insurance,Post
269,Client Success Stories,"A client who was 'happy with State Farm' for 20 years let me run a comparison. I found identical coverage for $1,100 less per year.",#insurance,Post
270,Client Success Stories,"An HVAC contractor came to me uninsured — no GL, no WC. We got everything in place and he landed his first major commercial contract that required it.",#insurance,Post
271,Client Success Stories,A single mom came to me worried about what would happen to her kids if something happened to her. We set up a term life policy for $23/month.,#insurance,Post
272,Client Success Stories,"A dentist had professional liability insurance through an association plan with $1M limits. For his practice size, we doubled the limits for $800 more per year.",#insurance,Post
273,Client Success Stories,A client had an at-fault accident and was worried about a rate hike. Their carrier had an accident forgiveness endorsement. I knew that — they didn't.,#insurance,Post
274,Client Success Stories,"A client's home was damaged in a hailstorm. They didn't want to file a claim, thinking their rates would go up. I helped them understand their rights.",#insurance,Post
275,Client Success Stories,A client bought a vacation cabin and assumed their primary home policy covered it. It didn't. We caught it before anything happened.,#insurance,Post
276,Client Success Stories,A startup founder came to me for business insurance. We built a complete commercial program — he closed his first enterprise client that week.,#insurance,Post
277,Client Success Stories,"I saved a commercial client from an insurance agent who had misclassified their workers comp code for 5 years. Refund: $34,000.",#insurance,Post
278,Client Success Stories,A new agent came to me to learn the business. Watching them grow their book is one of my greatest professional satisfactions.,#insurance,Post
279,Client Success Stories,A client's flood claim was denied because they had the wrong endorsement. I advocated to the carrier and overturned the denial.,#insurance,Post
280,Client Success Stories,I called a client to wish them happy birthday and mentioned their renewal was coming. They'd forgotten — and appreciated the reminder.,#insurance,Post
281,Client Success Stories,A client who was about to drop their umbrella policy after a rate increase kept it when I explained what they'd be giving up.,#insurance,Post
282,Client Success Stories,A professional couple tripled their coverage and reduced their premium by switching from two separate agents to bundling with me.,#insurance,Post
283,Client Success Stories,A restaurant client expanded to a second location. I was the first call they made. We had coverage in place before opening day.,#insurance,Post
284,Client Success Stories,I referred a client to a mortgage broker who helped them save $200/month. The client sent me 4 referrals. Relationships work.,#insurance,Post
285,Client Success Stories,A client called panicked that their contractor let their insurance lapse mid-project. We found E&S coverage within the hour.,#insurance,Post
286,Client Success Stories,"A client's business was sued by a former employee. EPLI coverage paid the $45,000 settlement and $30,000 in legal fees.",#insurance,Post
287,Client Success Stories,"After a major loss, my client said: 'I never knew if I needed you until I needed you. Thank you for being there.'",#insurance,Post
288,Client Success Stories,The most meaningful part of my job is what I prevent — the financial disasters my clients never have to face.,#insurance,Post
289,Compliance & Best Practices,Always document client coverage decisions — especially declined recommendations — to protect yourself from E&O claims.,#insurance,Post
290,Compliance & Best Practices,Insurance carriers update their underwriting guidelines regularly. Review them annually to avoid binding non-compliant risks.,#insurance,Post
291,Compliance & Best Practices,A signed coverage declination form protects you if a client later claims they weren't offered coverage you recommended.,#insurance,Post
292,Compliance & Best Practices,Never bind coverage you're not appointed for. It's a serious license violation and creates massive E&O exposure.,#insurance,Post
293,Compliance & Best Practices,Keep client records for a minimum of 5 years after policy expiration — longer in states with extended statute of limitations.,#insurance,Post
294,Compliance & Best Practices,"E&O claims arise most often from miscommunication, not incompetence. Document everything. Always.",#insurance,Post
295,Compliance & Best Practices,Continuing education keeps your license — and keeps you sharp. Don't just check the box; learn something new.,#insurance,Post
296,Compliance & Best Practices,State insurance departments can review your business practices. Keep your records in order and your processes documented.,#insurance,Post
297,Compliance & Best Practices,Your social media posts are advertising. They're subject to insurance advertising regulations in your state.,#insurance,Post
298,Compliance & Best Practices,"Never share one client's information with another, even inadvertently. Privacy obligations are serious.",#insurance,Post
299,Compliance & Best Practices,GLBA (Gramm-Leach-Bliley Act) requires insurance agencies to have a written data security plan. Do you have one?,#insurance,Post
300,Compliance & Best Practices,Premium trust accounts are sacred — client funds must never be commingled with operating accounts.,#insurance,Post
301,Compliance & Best Practices,Carrier appointment agreements have compliance requirements. Read them annually and follow them.,#insurance,Post
302,Compliance & Best Practices,Your license is your business. Protect it by practicing within your scope and staying current on regulations.,#insurance,Post
303,Compliance & Best Practices,Advertising that implies guaranteed savings is a compliance risk — never make promises you can't keep.,#insurance,Post
304,Compliance & Best Practices,Annual E&O self-audits (reviewing your own practices against best practice standards) prevent claims proactively.,#insurance,Post
305,Compliance & Best Practices,Reporting claims to your E&O carrier early gives them the best chance to defend you successfully.,#insurance,Post
306,Compliance & Best Practices,"If you can't ethically serve a client (conflict of interest, outside your expertise), refer them out. It protects everyone.",#insurance,Post
307,Compliance & Best Practices,"A compliance calendar (license renewals, CE deadlines, appointment renewals) prevents expensive lapses.",#insurance,Post
308,Compliance & Best Practices,"Industry designations (CIC, CPCU, AAI) signal your commitment to professionalism and often unlock better carrier access.",#insurance,Post
309,Compliance & Best Practices,Do not guarantee or predict coverage decisions — that's the carrier's role. Your job is to submit and advocate.,#insurance,Post
310,Compliance & Best Practices,Ethical agents know when a client is better served by another agent or carrier — and they refer without hesitation.,#insurance,Post
311,Compliance & Best Practices,"The insurance regulatory environment varies dramatically by state. When writing in a new state, learn the rules first.",#insurance,Post
312,Compliance & Best Practices,Errors and omissions cases often hinge on whether the agent 'should have known' a coverage issue existed. Stay educated.,#insurance,Post
313,Compliance & Best Practices,A written privacy policy isn't just good practice — it may be legally required in your state.,#insurance,Post
314,Compliance & Best Practices,"Market conduct exams by state insurance departments review how you sell, service, and claim. Be audit-ready always.",#insurance,Post
315,Compliance & Best Practices,Round-tripping (creating fictitious policies for commission) is insurance fraud. Not worth any short-term gain.,#insurance,Post
316,Compliance & Best Practices,Churning policies (unnecessarily replacing them for commission) harms clients and can cost you your license.,#insurance,Post
317,Compliance & Best Practices,Your professional reputation is your most valuable business asset. Guard it in every interaction.,#insurance,Post
318,Compliance & Best Practices,The best compliance strategy is treating every client the way you'd want your grandmother to be treated.,#insurance,Post
319,Compliance & Best Practices,"When in doubt about a compliance question, call your E&O carrier or state association before acting.",#insurance,Post
320,Compliance & Best Practices,Agent education extends to clients — helping them understand what they bought is one of your key service obligations.,#insurance,Post
321,Compliance & Best Practices,Adequate coverage recommendations aren't just about liability protection — they're about serving clients' best interests.,#insurance,Post
322,Compliance & Best Practices,"Regulatory changes (commission disclosure laws, contract rules) come regularly. Subscribe to your state association's alerts.",#insurance,Post
323,Compliance & Best Practices,Anti-money laundering awareness is a growing requirement for insurance agents handling large cash-value policies.,#insurance,Post
324,Compliance & Best Practices,The compliance burden of independence is real — but it's also what makes you a trusted professional.,#insurance,Post
325,Motivation & Growth,The most successful insurance agents aren't the most talented — they're the most persistent.,#insurance,Post
326,Motivation & Growth,Every rejection is one step closer to a yes. The agents who make 100 calls a day get 10x more yeses.,#insurance,Post
327,Motivation & Growth,Your book of business is your retirement plan. Build it with the same intention you'd give any long-term investment.,#insurance,Post
328,Motivation & Growth,Every client you lose to a competitor is feedback. What could you have done better?,#insurance,Post
329,Motivation & Growth,The agents who thrive in a hard market are the ones who built relationships before the market turned.,#insurance,Post
330,Motivation & Growth,"Success in insurance isn't complicated — it's consistently doing the right activities, over a long enough period of time.",#insurance,Post
331,Motivation & Growth,Your mindset going into a prospecting call determines 50% of the outcome before you dial.,#insurance,Post
332,Motivation & Growth,"Set a prospecting goal you can control: number of calls made, not number of policies sold.",#insurance,Post
333,Motivation & Growth,Build your business for the long game. Reputation takes years to build and one mistake to damage.,#insurance,Post
334,Motivation & Growth,The best time to prospect is when you don't need to. The worst time is when you desperately do.,#insurance,Post
335,Motivation & Growth,Study your competition — then focus on what THEY don't do well. That's your opportunity.,#insurance,Post
336,Motivation & Growth,Clients can feel the difference between an agent who's chasing commission and one who genuinely cares.,#insurance,Post
337,Motivation & Growth,Track your activity metrics weekly. You can't improve what you don't measure.,#insurance,Post
338,Motivation & Growth,"Invest in yourself: industry conferences, coaching, advanced designations. Your growth never ends.",#insurance,Post
339,Motivation & Growth,A goal without a deadline is a wish. Set specific targets with specific dates.,#insurance,Post
340,Motivation & Growth,The first year in insurance is the hardest. Every veteran agent went through what you're going through. Keep going.,#insurance,Post
341,Motivation & Growth,"Your CRM is your business memory. Every contact, every conversation — it lives there.",#insurance,Post
342,Motivation & Growth,Building a referral machine is a 3-year project. Plant the seeds every day.,#insurance,Post
343,Motivation & Growth,Time blocking is the #1 productivity tool of top-producing agents. Protect your prospecting hours fiercely.,#insurance,Post
344,Motivation & Growth,The agents who make it aren't the ones who never fail — they're the ones who learn from every failure.,#insurance,Post
345,Motivation & Growth,"A client who trusts you will never shop around. Build trust, not just policies.",#insurance,Post
346,Motivation & Growth,The best version of your agency exists in your vision. Close the gap between where you are and where you want to be.,#insurance,Post
347,Motivation & Growth,"Celebrate small wins. Every new policy, every referral, every annual review completed is a win.",#insurance,Post
348,Motivation & Growth,You are not competing with every agent in your state. You are competing for the clients in your own backyard.,#insurance,Post
349,Motivation & Growth,Scale happens when you have systems AND the right people. Build both intentionally.,#insurance,Post
350,Motivation & Growth,The highest-paid skill in insurance is the ability to talk to anyone about anything and build trust quickly.,#insurance,Post
351,Motivation & Growth,"The agents who build durable books focus on retention first, production second.",#insurance,Post
352,Motivation & Growth,Your clients' lives change every year. Are your annual reviews keeping up?,#insurance,Post
353,Motivation & Growth,Great agents don't just respond to problems — they prevent them. That's what makes clients loyal for life.,#insurance,Post
354,Motivation & Growth,Diversify your book by line of business and industry. Concentration in one area is a business risk.,#insurance,Post
355,Motivation & Growth,The agency owner who hires before they're ready often grows faster than the one who waits until they're drowning.,#insurance,Post
356,Motivation & Growth,Your follow-up sequence IS your sales process. Master it.,#insurance,Post
357,Motivation & Growth,Every morning you wake up and choose what to do with your time. Choose prospecting.,#insurance,Post
358,Motivation & Growth,Vision without execution is daydreaming. Execution without vision is busy work. You need both.,#insurance,Post
359,Motivation & Growth,The best retention strategy is extraordinary service delivered consistently. Not gimmicks. Not discounts.,#insurance,Post
360,Motivation & Growth,The agents I most admire built their careers helping clients — not just selling policies. Be that agent.,#insurance,Post
361,Insurance Tips,Great insurance agents protect what their clients care about most — every single day.,#insurance,Post
362,Insurance Tips,Great insurance agents protect what their clients care about most — every single day.,#insurance,Post
363,Insurance Tips,Great insurance agents protect what their clients care about most — every single day.,#insurance,Post
364,Insurance Tips,Great insurance agents protect what their clients care about most — every single day.,#insurance,Post
365,Insurance Tips,Great insurance agents protect what their clients care about most — every single day.,#insurance,Post
