Keyword Phrase,Niche,Search Volume Est,Competition,CTR Potential,Character Count,Use As Tag,Use In Title,Seasonal,Best Season
digital planner,Planners,50K+,Very High,Medium,14,YES,YES,NO,Year-round
goodnotes planner,Planners,22K,Medium,High,17,YES,YES,NO,Year-round
digital planner 2024,Planners,30K,High,Medium,19,YES,YES,YES,Jan-Mar
wall art printable,Home Decor,25K,High,Medium,18,YES,YES,NO,Year-round
boho wall art,Home Decor,18K,Medium,High,12,YES,YES,NO,Year-round
personalized necklace,Jewelry,40K,Very High,Medium,22 (TOO LONG),NO - shorten,YES,NO,Year-round
custom name necklace,Jewelry,20K,High,Medium,19,YES,YES,NO,Year-round
birthday gift woman,Gifts,35K,Very High,Low,18,YES,YES,NO,Year-round
christmas gift ideas,Gifts,100K+,Very High,Low,20,YES,YES,YES,Oct-Dec
mothers day gift,Gifts,80K+,Very High,Low,17,YES,YES,YES,Mar-May
teacher appreciation,Teachers,12K,Low,High,20,YES,YES,YES,Apr-May
planner stickers,Stationery,15K,Medium,High,15,YES,YES,NO,Year-round
instant download,General,80K+,Very High,Low,16,YES,YES,NO,Year-round
